source_system,record_type,import_run,import_state,run_provenance,error_message,raw_payload,name,description,industry,founded_year,headquarters_location,website,logo_url,funding_stage,total_funding_usd,active,institutional_funding_last_5yrs,employee_count_range
crunchbase,startup,fallback-sample-crunchbase-startups,pending,fallback,,"{""data"":{""properties"":{""name"":""Beacon Hill Robotics"",""short_description"":""Autonomous inspection robots for commercial building operators."",""founded_on"":""2019-03-11"",""homepage_url"":""https://beaconhillrobotics.example.com"",""num_employees_enum"":""c_00051_c_00200"",""category_groups"":[""Science and Engineering""],""location_identifiers"":[{""value"":""Boston"",""location_type"":""city""},{""value"":""MA"",""location_type"":""region""}],""image_url"":""https://cdn.example.org/logos/beacon-hill-robotics.png"",""last_funding_type"":""series_b"",""funding_total_usd"":48000000,""operating_status"":""active""}}}",Beacon Hill Robotics,Autonomous inspection robots for commercial building operators.,Deeptech,2019,"Boston, MA",https://beaconhillrobotics.example.com,https://cdn.example.org/logos/beacon-hill-robotics.png,Series B,48000000,true,true,51-200
crunchbase,startup,fallback-sample-crunchbase-startups,pending,fallback,,"{""data"":{""properties"":{""name"":""Seaport Ledger"",""short_description"":""Treasury reconciliation for mid-market lenders, built on an event log."",""founded_on"":""2021-01-19"",""homepage_url"":""https://www.seaportledger.example.com"",""num_employees_enum"":""c_00011_c_00050"",""category_groups"":[""Financial Services""],""location_identifiers"":[{""value"":""Seaport"",""location_type"":""district""},{""value"":""Boston"",""location_type"":""city""},{""value"":""MA"",""location_type"":""region""}],""image_url"":""https://cdn.example.net/logos/seaport-ledger.svg"",""last_funding_type"":""series_a"",""funding_total_usd"":16500000,""operating_status"":""active""}}}",Seaport Ledger,"Treasury reconciliation for mid-market lenders, built on an event log.",Fintech,2021,"Seaport, Boston, MA",https://www.seaportledger.example.com,https://cdn.example.net/logos/seaport-ledger.svg,Series A,16500000,true,true,11-50
crunchbase,startup,fallback-sample-crunchbase-startups,pending,fallback,,"{""data"":{""properties"":{""name"":""Back Bay Biosystems"",""short_description"":""Laboratory automation for the \""bench to clinic\"" handoff."",""founded_on"":""2017-08-04"",""homepage_url"":""https://backbaybiosystems.example.net"",""num_employees_enum"":""c_00201_c_00500"",""category_groups"":[""Health Care""],""location_identifiers"":[{""value"":""Boston"",""location_type"":""city""},{""value"":""MA"",""location_type"":""region""},{""value"":""USA"",""location_type"":""country""}],""image_url"":""https://cdn.example.org/logos/back-bay-biosystems.png"",""last_funding_type"":""series_c"",""funding_total_usd"":132000000,""operating_status"":""active""}}}",Back Bay Biosystems,"Laboratory automation for the ""bench to clinic"" handoff.",Healthtech,2017,"Boston, MA, USA",https://backbaybiosystems.example.net,https://cdn.example.org/logos/back-bay-biosystems.png,Series C+,132000000,true,true,201-500
crunchbase,startup,fallback-sample-crunchbase-startups,pending,fallback,,"{""data"":{""properties"":{""name"":""Kendall Cognition"",""short_description"":""Retrieval tooling for enterprise research teams."",""homepage_url"":""https://kendallcognition.example.org"",""num_employees_enum"":""c_00011_c_00050"",""category_groups"":[""Software""],""location_identifiers"":[{""value"":""Kendall Square"",""location_type"":""district""},{""value"":""Cambridge"",""location_type"":""city""},{""value"":""MA"",""location_type"":""region""}],""last_funding_type"":""seed"",""funding_total_usd"":4200000,""operating_status"":""active""}}}",Kendall Cognition,Retrieval tooling for enterprise research teams.,SaaS,,"Kendall Square, Cambridge, MA",https://kendallcognition.example.org,,Seed,4200000,true,false,11-50
crunchbase,startup,fallback-sample-crunchbase-startups,pending,fallback,,"{""data"":{""properties"":{""name"":""Fort Point Payments"",""founded_on"":""2015-06-02"",""homepage_url"":""https://fortpointpayments.example.com"",""num_employees_enum"":""c_00501_c_01000"",""category_groups"":[""Consumer Goods""],""location_identifiers"":[{""value"":""Boston"",""location_type"":""city""},{""value"":""MA"",""location_type"":""region""}],""image_url"":""https://cdn.example.net/logos/fort-point-payments.svg"",""last_funding_type"":""private_equity"",""funding_total_usd"":240000000,""operating_status"":""active""}}}",Fort Point Payments,,Consumer,2015,"Boston, MA",https://fortpointpayments.example.com,https://cdn.example.net/logos/fort-point-payments.svg,Growth,240000000,true,true,500+
crunchbase,startup,fallback-sample-crunchbase-startups,pending,fallback,,"{""data"":{""properties"":{""name"":""Neponset Analytics Labs"",""short_description"":""Sensor fusion analytics for municipal water networks."",""founded_on"":""2016-09-19"",""homepage_url"":""https://neponsetlabs.example.com"",""num_employees_enum"":""c_00051_c_00200"",""category_groups"":[""Science and Engineering""],""location_identifiers"":[{""value"":""Cambridge"",""location_type"":""city""},{""value"":""MA"",""location_type"":""region""}],""image_url"":""https://cdn.example.org/logos/neponset-analytics-labs.png"",""last_funding_type"":""series_b"",""funding_total_usd"":51000000,""operating_status"":""active""}}}",  Neponset Analytics Labs,Sensor fusion analytics for municipal water networks.,Deeptech,2016,"Cambridge, MA",https://neponsetlabs.example.com,https://cdn.example.org/logos/neponset-analytics-labs.png,Series B,51000000,true,true,51-200
crunchbase,startup,fallback-sample-crunchbase-startups,pending,fallback,,"{""data"":{""properties"":{""name"":""neponset analytics labs"",""founded_on"":""2016-09-19"",""homepage_url"":""https://www.neponset-analytics.example.net"",""num_employees_enum"":""c_00051_c_00200"",""category_groups"":[""Science and Engineering""],""location_identifiers"":[{""value"":""cambridge"",""location_type"":""city""},{""value"":""ma"",""location_type"":""region""}],""last_funding_type"":""series_b"",""funding_total_usd"":38500000,""operating_status"":""active""}}}",neponset analytics labs ,,Deeptech,2016,"cambridge, ma  ",https://www.neponset-analytics.example.net,,Series B,38500000,true,true,51-200
crunchbase,startup,fallback-sample-crunchbase-startups,pending,fallback,,"{""data"":{""properties"":{""name"":""Copley Grid Systems"",""short_description"":""Demand response scheduling for campus microgrids."",""founded_on"":""2022-02-28"",""homepage_url"":""https://copleygrid.example.org"",""num_employees_enum"":""c_00001_c_00010"",""category_groups"":[""Cleantech""],""location_identifiers"":[{""value"":""BOSTON"",""location_type"":""city""},{""value"":""MA"",""location_type"":""region""}],""image_url"":""https://cdn.example.net/logos/copley-grid-systems.svg"",""operating_status"":""active""}}}",Copley Grid Systems,Demand response scheduling for campus microgrids.,Cleantech,2022,"BOSTON, MA",https://copleygrid.example.org,https://cdn.example.net/logos/copley-grid-systems.svg,Series C,,true,false,1-10
crunchbase,startup,fallback-sample-crunchbase-startups,pending,fallback,,"{""data"":{""properties"":{""name"":""Muddy River Diagnostics"",""short_description"":""Point-of-care assay readers for regional clinics."",""founded_on"":""2018-11-06"",""homepage_url"":""https://muddyriverdx.example.net"",""num_employees_enum"":""c_00051_c_00200"",""category_groups"":[""Health Care""],""location_identifiers"":[{""value"":""Providence"",""location_type"":""city""},{""value"":""RI"",""location_type"":""region""}],""image_url"":""https://cdn.example.org/logos/muddy-river-diagnostics.png"",""last_funding_type"":""series_a"",""funding_total_usd"":21000000,""operating_status"":""active""}}}",Muddy River Diagnostics,Point-of-care assay readers for regional clinics.,Healthtech,2018,"Providence, RI",https://muddyriverdx.example.net,https://cdn.example.org/logos/muddy-river-diagnostics.png,Series A,21000000,true,true,51-200
crunchbase,startup,fallback-sample-crunchbase-startups,pending,fallback,,"{""data"":{""properties"":{""name"":""Esplanade Learning"",""short_description"":""Adaptive coursework for community college programs."",""founded_on"":""2014-04-15"",""homepage_url"":""https://esplanadelearning.example.com"",""num_employees_enum"":""c_00051_c_00100"",""category_groups"":[""Consumer Goods""],""location_identifiers"":[{""value"":""Boston"",""location_type"":""city""},{""value"":""MA"",""location_type"":""region""}],""image_url"":""https://cdn.example.net/logos/esplanade-learning.svg"",""funding_total_usd"":9800000,""operating_status"":""closed""}}}",Esplanade Learning,Adaptive coursework for community college programs.,Consumer,2014,"Boston, MA  ",https://esplanadelearning.example.com,https://cdn.example.net/logos/esplanade-learning.svg,Acquired,9800000,false,false,50-100
crunchbase,startup,fallback-sample-crunchbase-startups,pending,fallback,,"{""data"":{""properties"":{""name"":""Jamaica Plain Sensorworks"",""short_description"":""Low-power air quality sensors for neighborhood networks."",""founded_on"":""2020-07-21"",""homepage_url"":""https://jpsensorworks.example.com"",""num_employees_enum"":""c_00011_c_00050"",""category_groups"":[""Science and Engineering""],""image_url"":""https://cdn.example.org/logos/jamaica-plain-sensorworks.png"",""last_funding_type"":""seed"",""funding_total_usd"":6400000}}}",Jamaica Plain Sensorworks,Low-power air quality sensors for neighborhood networks.,Deeptech,2020,,https://jpsensorworks.example.com,https://cdn.example.org/logos/jamaica-plain-sensorworks.png,Seed,6400000,,false,11-50
crunchbase,startup,fallback-sample-crunchbase-startups,pending,fallback,,"{""data"":{""properties"":{""short_description"":""Freight capacity matching for regional carriers."",""founded_on"":""2021-05-24"",""homepage_url"":""https://freightcapacity.example.net"",""num_employees_enum"":""c_00001_c_00010"",""category_groups"":[""Software""],""location_identifiers"":[{""value"":""Boston"",""location_type"":""city""},{""value"":""MA"",""location_type"":""region""}],""last_funding_type"":""pre_seed"",""funding_total_usd"":1500000,""operating_status"":""active""}}}",,Freight capacity matching for regional carriers.,SaaS,2021,"Boston, MA",https://freightcapacity.example.net,,Pre-Seed,1500000,true,false,1-10
crunchbase,startup,fallback-sample-crunchbase-startups,pending,fallback,,"{""data"":{""properties"":{""name"":""Charles River Telemetry"",""short_description"":""Telemetry pipelines for marine research vessels."",""founded_on"":""2020-02-14"",""homepage_url"":""https://charlesrivertelemetry.example.com"",""num_employees_enum"":""c_00011_c_00050"",""category_groups"":[""Science and Engineering""],""location_identifiers"":[{""value"":""Boston"",""location_type"":""city""},{""value"":""MA"",""location_type"":""region""}],""image_url"":""https://cdn.example.org/logos/charles-river-telemetry.png"",""last_funding_type"":""seed"",""funding_total_usd"":7300000}}}",Charles River Telemetry,Telemetry pipelines for marine research vessels.,Deeptech,2020,"Boston, MA",https://charlesrivertelemetry.example.com,https://cdn.example.org/logos/charles-river-telemetry.png,Seed,7300000,,false,11-50
